-- Adaptation Lannion
create schema matski_update;
set schema 'matski_update';

--
drop table if exists _ARTICLE cascade ;

drop table if exists _CATEGORIE   cascade ;

drop table if exists _CLIENT cascade ;

drop table if exists _COMMANDE cascade ;

drop table if exists _DETAILCOMMANDE cascade ;

drop table if exists _ETIQUETTE cascade ;

drop table if exists _LISTEPRIX cascade ;

drop table if exists _TARIFVENTE cascade ;

drop table if exists _TYPEARTICLE cascade ;

drop table if exists _CONTACT cascade ;

drop table if exists _SEDECOMPOSE cascade ;
/*==============================================================*/
/* Table : ARTICLE                                              */
/*==============================================================*/
create table _ARTICLE (
   NUMARTICLE           SERIAL               not null,
   NUMSOUSCATEGORIE         INTEGER              not null,
   CODETYPE             CHAR(1)              not null,
   NOMARTICLE           VARCHAR(50)          null,
   REFERENCEINTERNE     CHAR(10)             null,
   CODEBARRE            CHAR(13)             null,
   COUTACHAT            NUMERIC(10,2)        null,
   constraint PK_ARTICLE primary key (NUMARTICLE)
);
Insert into _ARTICLE (NUMSOUSCATEGORIE,CODETYPE,NOMARTICLE,REFERENCEINTERNE,CODEBARRE,COUTACHAT ) values
(14,'P','SLIDY','PA1236','3245673451456',3.2);
Insert into _ARTICLE (NUMSOUSCATEGORIE,CODETYPE,NOMARTICLE,REFERENCEINTERNE,CODEBARRE,COUTACHAT ) values
(14,'P','QUICKY','PA1237','3245674451456',3);
Insert into _ARTICLE (NUMSOUSCATEGORIE,CODETYPE,NOMARTICLE,REFERENCEINTERNE,CODEBARRE,COUTACHAT ) values
(14,'P','WEEZ 2','PA1238','3245673451457',16);
Insert into _ARTICLE (NUMSOUSCATEGORIE,CODETYPE,NOMARTICLE,REFERENCEINTERNE,CODEBARRE,COUTACHAT ) values
(14,'P','WAVE1','PA1239','3245673451458',10);
Insert into _ARTICLE (NUMSOUSCATEGORIE,CODETYPE,NOMARTICLE,REFERENCEINTERNE,CODEBARRE,COUTACHAT ) values
(14,'P','WEEZ  1','PA1240','3245673451460',8.2);
Insert into _ARTICLE (NUMSOUSCATEGORIE,CODETYPE,NOMARTICLE,REFERENCEINTERNE,CODEBARRE,COUTACHAT ) values
(14,'P','WAVE 2','PA1241','3245673451461',12);
Insert into _ARTICLE (NUMSOUSCATEGORIE,CODETYPE,NOMARTICLE,REFERENCEINTERNE,CODEBARRE,COUTACHAT ) values
(13,'P','YOONER','PA1242','3245673451462',0);
Insert into _ARTICLE (NUMSOUSCATEGORIE,CODETYPE,NOMARTICLE,REFERENCEINTERNE,CODEBARRE,COUTACHAT ) values
(5,'P','GHOST  90','PA1243','3245673451463',100);
Insert into _ARTICLE (NUMSOUSCATEGORIE,CODETYPE,NOMARTICLE,REFERENCEINTERNE,CODEBARRE,COUTACHAT ) values
(5,'P','LIVE FIT 60','PA1244','3245673451464',60);
Insert into _ARTICLE (NUMSOUSCATEGORIE,CODETYPE,NOMARTICLE,REFERENCEINTERNE,CODEBARRE,COUTACHAT ) values
(5,'P','LIVE FIT 70','PA1245','3245673451465',65);
Insert into _ARTICLE (NUMSOUSCATEGORIE,CODETYPE,NOMARTICLE,REFERENCEINTERNE,CODEBARRE,COUTACHAT ) values
(5,'P','QUES MAX 110','PA1246','3245673451466',180);
Insert into _ARTICLE (NUMSOUSCATEGORIE,CODETYPE,NOMARTICLE,REFERENCEINTERNE,CODEBARRE,COUTACHAT ) values
(5,'P','QUES MAX BC 120','PA1247','3245673451467',220);
Insert into _ARTICLE (NUMSOUSCATEGORIE,CODETYPE,NOMARTICLE,REFERENCEINTERNE,CODEBARRE,COUTACHAT ) values
(5,'P','LIVE FIT 130','PA1248','3245673451468',130);
Insert into _ARTICLE (NUMSOUSCATEGORIE,CODETYPE,NOMARTICLE,REFERENCEINTERNE,CODEBARRE,COUTACHAT ) values
(5,'P','X PRO 110','PA1249','3245673451469',170);
Insert into _ARTICLE (NUMSOUSCATEGORIE,CODETYPE,NOMARTICLE,REFERENCEINTERNE,CODEBARRE,COUTACHAT ) values
(18,'P','Q-90','PA1250','3245673451470',280);
Insert into _ARTICLE (NUMSOUSCATEGORIE,CODETYPE,NOMARTICLE,REFERENCEINTERNE,CODEBARRE,COUTACHAT ) values
(18,'P','Q-LAB','PA1251','3245673451471',550);
Insert into _ARTICLE (NUMSOUSCATEGORIE,CODETYPE,NOMARTICLE,REFERENCEINTERNE,CODEBARRE,COUTACHAT ) values
(18,'P','Q-115','PA1252','3245673451472',380);
Insert into _ARTICLE (NUMSOUSCATEGORIE,CODETYPE,NOMARTICLE,REFERENCEINTERNE,CODEBARRE ,COUTACHAT ) values
(18,'P','Q-85','PA1253','3245673451473',250);
Insert into _ARTICLE (NUMSOUSCATEGORIE,CODETYPE,NOMARTICLE,REFERENCEINTERNE,CODEBARRE ,COUTACHAT ) values
(18,'P','Q-98','PA1254','3245673451474',350);
Insert into _ARTICLE (NUMSOUSCATEGORIE,CODETYPE,NOMARTICLE,REFERENCEINTERNE,CODEBARRE ,COUTACHAT ) values
(15,'P','EXPERIENCE 83 TPX','PA1234','3245673451236',255);
Insert into _ARTICLE (NUMSOUSCATEGORIE,CODETYPE,NOMARTICLE,REFERENCEINTERNE,CODEBARRE ,COUTACHAT ) values
(15,'P','SMOKE','PA1255','3245673451475',230);
Insert into _ARTICLE (NUMSOUSCATEGORIE,CODETYPE,NOMARTICLE,REFERENCEINTERNE,CODEBARRE ,COUTACHAT ) values
(15,'P','VR27','PA1256','3245673451476',150);
Insert into _ARTICLE (NUMSOUSCATEGORIE,CODETYPE,NOMARTICLE,REFERENCEINTERNE,CODEBARRE ,COUTACHAT ) values
(15,'P','X-LANDER 6.0','PA1257','3245673451477',95.6);
Insert into _ARTICLE (NUMSOUSCATEGORIE,CODETYPE,NOMARTICLE,REFERENCEINTERNE,CODEBARRE ,COUTACHAT ) values
(15,'P','VR07','PA1258','3245673451478',300);
Insert into _ARTICLE (NUMSOUSCATEGORIE,CODETYPE,NOMARTICLE,REFERENCEINTERNE,CODEBARRE ,COUTACHAT ) values
(15,'P','AFFINITY AIR','PA1259','3245673451479',200);
Insert into _ARTICLE (NUMSOUSCATEGORIE,CODETYPE,NOMARTICLE,REFERENCEINTERNE,CODEBARRE ,COUTACHAT ) values
(15,'P','BBR 9.0','PA1260','3245673451480',380);
Insert into _ARTICLE (NUMSOUSCATEGORIE,CODETYPE,NOMARTICLE,REFERENCEINTERNE,CODEBARRE ,COUTACHAT ) values
(15,'P','VANTAGE ALIBI','PA1261','3245673451481',200);
Insert into _ARTICLE (NUMSOUSCATEGORIE,CODETYPE,NOMARTICLE,REFERENCEINTERNE,CODEBARRE ,COUTACHAT ) values
(21,'P','SL SERIE','PA1235','3245673451456',345);
Insert into _ARTICLE (NUMSOUSCATEGORIE,CODETYPE,NOMARTICLE,REFERENCEINTERNE,CODEBARRE ,COUTACHAT ) values
(21,'P','XLT','PA1262','3245673451482',260);
Insert into _ARTICLE (NUMSOUSCATEGORIE,CODETYPE,NOMARTICLE,REFERENCEINTERNE,CODEBARRE ,COUTACHAT ) values
(21,'P','SICKSTICK','PA1263','3245673451483',230);
Insert into _ARTICLE (NUMSOUSCATEGORIE,CODETYPE,NOMARTICLE,REFERENCEINTERNE,CODEBARRE ,COUTACHAT ) values
(21,'P','RESERVE','PA1264','3245673451484',230);
Insert into _ARTICLE (NUMSOUSCATEGORIE,CODETYPE,NOMARTICLE,REFERENCEINTERNE,CODEBARRE ,COUTACHAT ) values
(21,'P','DERVY','PA1265','3245673451485',160);


/*==============================================================*/
/* Table : CATEGORIE                                            */
/*==============================================================*/
create table _CATEGORIE (
   NUMCATEGORIE         SERIAL               not null,
   CAT_NUMCATEGORIE2     INTEGER                null,
   LIBELLECATEGORIE     VARCHAR(40)          null,
   constraint PK_CATEGORIE primary key (NUMCATEGORIE)
);


Insert into _CATEGORIE (NUMCATEGORIE,CAT_NUMCATEGORIE2,LIBELLECATEGORIE) values
(1,1,'Matériel ski alpins');
Insert into _CATEGORIE (NUMCATEGORIE,CAT_NUMCATEGORIE2,LIBELLECATEGORIE) values
(2,2,'Matériel de snowboard');
Insert into _CATEGORIE (NUMCATEGORIE,CAT_NUMCATEGORIE2,LIBELLECATEGORIE) values
(3,3,'Matériel ski nordique');
Insert into _CATEGORIE (NUMCATEGORIE,CAT_NUMCATEGORIE2,LIBELLECATEGORIE) values
(4,4,'Matériel ski montagne');


/*==============================================================*/
/*Table : SEDECOMPOSE                                           */
/*==============================================================*/

create table _SEDECOMPOSE (
   NUMSOUSCATEGORIE         INT               not null,
   CAT_NUMCATEGORIE2    INTEGER                 null,
   LIBELLECATEGORIE     VARCHAR(40)          null,
   constraint PK_SEDECOMPOSE primary key (NUMSOUSCATEGORIE)
);
Insert into _SEDECOMPOSE (NUMSOUSCATEGORIE,CAT_NUMCATEGORIE2,LIBELLECATEGORIE) values
(5,1,'Chaussures');
Insert into _SEDECOMPOSE (NUMSOUSCATEGORIE,CAT_NUMCATEGORIE2,LIBELLECATEGORIE) values
(6,1,'Skis');
Insert into _SEDECOMPOSE (NUMSOUSCATEGORIE,CAT_NUMCATEGORIE2,LIBELLECATEGORIE) values
(7,1,'Batons');
Insert into _SEDECOMPOSE (NUMSOUSCATEGORIE,CAT_NUMCATEGORIE2,LIBELLECATEGORIE) values
(8,2,'Chaussures');
Insert into _SEDECOMPOSE (NUMSOUSCATEGORIE,CAT_NUMCATEGORIE2,LIBELLECATEGORIE) values
(9,2,'Snowboards');
Insert into _SEDECOMPOSE (NUMSOUSCATEGORIE,CAT_NUMCATEGORIE2,LIBELLECATEGORIE) values
(10,3,'Chaussures');
Insert into _SEDECOMPOSE (NUMSOUSCATEGORIE,CAT_NUMCATEGORIE2,LIBELLECATEGORIE) values
(11,3,'Batons');
Insert into _SEDECOMPOSE (NUMSOUSCATEGORIE,CAT_NUMCATEGORIE2,LIBELLECATEGORIE) values
(12,3,'Skis');
Insert into _SEDECOMPOSE (NUMSOUSCATEGORIE,CAT_NUMCATEGORIE2,LIBELLECATEGORIE) values
(13,4,'Paret');
Insert into _SEDECOMPOSE (NUMSOUSCATEGORIE,CAT_NUMCATEGORIE2,LIBELLECATEGORIE) values
(14,4,'Luges');
Insert into _SEDECOMPOSE (NUMSOUSCATEGORIE,CAT_NUMCATEGORIE2,LIBELLECATEGORIE) values
(15,1,'Polyvalent');
Insert into _SEDECOMPOSE (NUMSOUSCATEGORIE,CAT_NUMCATEGORIE2,LIBELLECATEGORIE) values
(16,1,'Freestyle');
Insert into _SEDECOMPOSE (NUMSOUSCATEGORIE,CAT_NUMCATEGORIE2,LIBELLECATEGORIE) values
(17,1,'Racing');
Insert into _SEDECOMPOSE (NUMSOUSCATEGORIE,CAT_NUMCATEGORIE2,LIBELLECATEGORIE) values
(18,1,'Freeride');
Insert into _SEDECOMPOSE (NUMSOUSCATEGORIE,CAT_NUMCATEGORIE2,LIBELLECATEGORIE) values
(19,1,'Randonnée');
Insert into _SEDECOMPOSE (NUMSOUSCATEGORIE,CAT_NUMCATEGORIE2,LIBELLECATEGORIE) values
(20,2,'Polyvalent');
Insert into _SEDECOMPOSE (NUMSOUSCATEGORIE,CAT_NUMCATEGORIE2,LIBELLECATEGORIE) values
(21,2,'Freestyle');
Insert into _SEDECOMPOSE (NUMSOUSCATEGORIE,CAT_NUMCATEGORIE2,LIBELLECATEGORIE) values
(22,2,'Alpine');
Insert into _SEDECOMPOSE (NUMSOUSCATEGORIE,CAT_NUMCATEGORIE2,LIBELLECATEGORIE) values
(23,2,'Freeride');
Insert into _SEDECOMPOSE (NUMSOUSCATEGORIE,CAT_NUMCATEGORIE2,LIBELLECATEGORIE) values
(24,3,'Skating');
Insert into _SEDECOMPOSE (NUMSOUSCATEGORIE,CAT_NUMCATEGORIE2,LIBELLECATEGORIE) values
(25,3,'Alternatif');

/*==============================================================*/
/*Table : CONTACT                                           */
/*==============================================================*/
create table _CONTACT (
   NUMCONTACT               serial               not null,
   NOMCONTACT           VARCHAR(50)          null,
   TELEPHONECONTACT     VARCHAR(12)          null,
   FONCTIONCONTACT      VARCHAR(20)           null,
   NUMCLIENT           INT           null,
   constraint PK_CONTACT primary key (NUMCONTACT)
);
Insert into _CONTACT (NOMCONTACT, TELEPHONECONTACT, FONCTIONCONTACT, NUMCLIENT) values 
('Fallon','043423245477','Commercial', 1);
Insert into _CONTACT (NOMCONTACT, TELEPHONECONTACT, FONCTIONCONTACT,  NUMCLIENT) values 
('Colquit','043423245478','Responsable', 1);
Insert into _CONTACT (NOMCONTACT, TELEPHONECONTACT, FONCTIONCONTACT, NUMCLIENT) values 
('Darigan','043623245477','Responsable', 2);
Insert into _CONTACT (NOMCONTACT, TELEPHONECONTACT, FONCTIONCONTACT, NUMCLIENT) values 
('Caney','043623245478','Responsable ventes', 2);
Insert into _CONTACT (NOMCONTACT, TELEPHONECONTACT, FONCTIONCONTACT, NUMCLIENT) values 
('Mudrell','044023245477','Acheteur', 3);
Insert into _CONTACT (NOMCONTACT, TELEPHONECONTACT, FONCTIONCONTACT, NUMCLIENT) values 
('Layton','044023245478','Responsable', 3);
Insert into _CONTACT (NOMCONTACT, TELEPHONECONTACT, FONCTIONCONTACT, NUMCLIENT) values
('Betser','044223245477','Vendeur', 4);
Insert into _CONTACT (NOMCONTACT, TELEPHONECONTACT, FONCTIONCONTACT, NUMCLIENT) values
('Polet','044223245478','Accueil', 4);
Insert into _CONTACT (NOMCONTACT, TELEPHONECONTACT, FONCTIONCONTACT, NUMCLIENT) values
('Weaver','044423245477','Commercial', 5);
Insert into _CONTACT (NOMCONTACT, TELEPHONECONTACT, FONCTIONCONTACT, NUMCLIENT) values
('Doge','044423245478','Responsable', 5);
Insert into _CONTACT (NOMCONTACT, TELEPHONECONTACT, FONCTIONCONTACT, NUMCLIENT) values
('Noades','044523245477','Acheteur', 6);
Insert into _CONTACT (NOMCONTACT, TELEPHONECONTACT, FONCTIONCONTACT, NUMCLIENT) values
('Stegers','044523245478','Commercial', 6);
Insert into _CONTACT (NOMCONTACT, TELEPHONECONTACT, FONCTIONCONTACT, NUMCLIENT) values
('Alessandrucci','044623245477','Accueil', 7);
Insert into _CONTACT (NOMCONTACT, TELEPHONECONTACT, FONCTIONCONTACT, NUMCLIENT) values
('Rosson','044623245478','Responsable', 7);
Insert into _CONTACT (NOMCONTACT, TELEPHONECONTACT, FONCTIONCONTACT, NUMCLIENT) values
('Veermer','0336237251','Accueil', 8);
Insert into _CONTACT (NOMCONTACT, TELEPHONECONTACT, FONCTIONCONTACT, NUMCLIENT) values
('Keerl','0336237252','Responsable ventes', 8);
Insert into _CONTACT (NOMCONTACT, TELEPHONECONTACT, FONCTIONCONTACT, NUMCLIENT) values
('Riddeough','0337237251','Acheteur', 9);
Insert into _CONTACT (NOMCONTACT, TELEPHONECONTACT, FONCTIONCONTACT, NUMCLIENT) values
('Fitz','0337237251','Commercial', 9);
Insert into _CONTACT (NOMCONTACT, TELEPHONECONTACT, FONCTIONCONTACT, NUMCLIENT) values
('Maclan','0338237251','Commercial', 10);
Insert into _CONTACT (NOMCONTACT, TELEPHONECONTACT, FONCTIONCONTACT, NUMCLIENT) values
('Saudra','0338237252','Responsable ventes', 10);
Insert into _CONTACT (NOMCONTACT, TELEPHONECONTACT, FONCTIONCONTACT, NUMCLIENT) values
('Paolino','0334237251','Accueil', 11);
Insert into _CONTACT (NOMCONTACT, TELEPHONECONTACT, FONCTIONCONTACT, NUMCLIENT) values
('Odde','0334237252','Commercial', 11);
Insert into _CONTACT (NOMCONTACT, TELEPHONECONTACT, FONCTIONCONTACT, NUMCLIENT) values
('Emeney','43535666604','Accueil', 12);
Insert into _CONTACT (NOMCONTACT, TELEPHONECONTACT, FONCTIONCONTACT, NUMCLIENT) values
('Keymer','43635666604','Accueil', 13);
Insert into _CONTACT (NOMCONTACT, TELEPHONECONTACT, FONCTIONCONTACT, NUMCLIENT) values
('Dutteridge','43635666605','Vendeur', 13);
Insert into _CONTACT (NOMCONTACT, TELEPHONECONTACT, FONCTIONCONTACT, NUMCLIENT) values
('Heady','43735666605','Commercial', 14);
Insert into _CONTACT (NOMCONTACT, TELEPHONECONTACT, FONCTIONCONTACT, NUMCLIENT) values
('Piddletown','43735666603','Vendeur', 14);
Insert into _CONTACT (NOMCONTACT, TELEPHONECONTACT, FONCTIONCONTACT, NUMCLIENT) values
('Heady','390676985610','Commercial', 15);
Insert into _CONTACT (NOMCONTACT, TELEPHONECONTACT, FONCTIONCONTACT, NUMCLIENT) values
('Piddletown','390676985608','Vendeur', 15);
Insert into _CONTACT (NOMCONTACT, TELEPHONECONTACT, FONCTIONCONTACT, NUMCLIENT) values
('Heady','390776985610','Accueil', 16);
Insert into _CONTACT (NOMCONTACT, TELEPHONECONTACT, FONCTIONCONTACT, NUMCLIENT) values
('Piddletown','390776985608','Vendeur', 16);
Insert into _CONTACT (NOMCONTACT, TELEPHONECONTACT, FONCTIONCONTACT, NUMCLIENT) values
('Heady','390876985610','Commercial', 17);
Insert into _CONTACT (NOMCONTACT, TELEPHONECONTACT, FONCTIONCONTACT, NUMCLIENT) values
('Heady','390576985610','Accueil', 18);
Insert into _CONTACT (NOMCONTACT, TELEPHONECONTACT, FONCTIONCONTACT, NUMCLIENT) values
('Kirkwood','442076604454','Acheteur', 19);
Insert into _CONTACT (NOMCONTACT, TELEPHONECONTACT, FONCTIONCONTACT, NUMCLIENT) values
('Benny','442076604455','Vendeur', 19);
Insert into _CONTACT (NOMCONTACT, TELEPHONECONTACT, FONCTIONCONTACT, NUMCLIENT) values
('Forbes','442176604454','Accueil', 20);
Insert into _CONTACT (NOMCONTACT, TELEPHONECONTACT, FONCTIONCONTACT , NUMCLIENT) values
('Easum','442176604455','Acheteur', 20);
/*==============================================================*/
/* Table : CLIENT                                               */
/*==============================================================*/
create table _CLIENT (
   NUMCLIENT            SERIAL               not null,
   CODELISTE            CHAR(1)              not null,
   CODEETIQUETTE        CHAR(2)              not null,
   NOMCLIENT            VARCHAR(50)          null,
   ADRESSERUECLIENT     VARCHAR(50)          null,
   ADRESSECODEPOSTALCLIENT VARCHAR(10)             null,
   ADRESSEVILLECLIENT   VARCHAR(40)          null,
   ADRESSEPAYSCLIENT    VARCHAR(30)          null,
   TELEPHONECLIENT      VARCHAR(12)             null,
   MAILCLIENT           VARCHAR(60)          null,
  
   constraint PK_CLIENT primary key (NUMCLIENT)
);


Insert into _CLIENT (CODELISTE, CODEETIQUETTE , NOMCLIENT ,ADRESSERUECLIENT, ADRESSECODEPOSTALCLIENT , ADRESSEVILLECLIENT, ADRESSEPAYSCLIENT ,
   TELEPHONECLIENT, MAILCLIENT ) values 

('E','FR','GO Sport Agen','Zac agen Sud',47000,'Agen','France','043423245476','gosportA@gmail.fr'),
('E','FR','GO Sport Albi','50 route de Saint Juery',81000,'Albi','France','043623245476','gosportAlbi@gmail.fr'),
('E','FR','GO Sport Nantes','Place de Bretagne',74000,'Annecy','France','044023245476','gosportNantes@gmail.fr'),
('E','FR','GO Sport Aulnay','O Parinot',93600,'Aulnay sous Bois','France','044223245476','gosportAnnecy@gmail.fr'),
('E','FR','GO Sport Paris 12','135 rue Daumesnil',75012,'Paris','France','044423245476','gosportAnnecy@gmail.fr'),
('E','FR','GO Sport Orange','Les vignes',84100,'Orange','France','044523245476','gosportAnnecy@gmail.fr'),
('E','FR','GO Sport Perpignan','1050 Avenue d''Espagne',66000,'Perpignan','France','044623245476','gosportAnnecy@gmail.fr'),
('E','CH','OCHSNER Sport Neuchatel','10 Rue de la pierre à Mazel',2000,'Neuchâtel','Suisse','0336237250','ochsnerneu@gmail.cf'),
('E','CH','OCHSNER Sport Bull','4 rue de l''europe',1630,'Bulle','Suisse','0337237250','ochsnerbulle@gmail.cf'),
('E','CH','OCHSNER Sport Luzern','50 Hertensteinstrasse',6004,'Luzerun','Suisse','0338237250','ochsnerluzern@gmail.cf'),
('E','CH','OCHSNER Sport Stans','88 Stansstaderstrasse',6370,'Stans','Suisse','0334237250','ochsnerstans@gmail.cf'),
('E','AT','SPORT 2000 Natter Talstation Bergbahnen','Hinterbündt 380',6881,'Mellau','Autriche','43535666603','sportnatter@gmail.cf'),
('E','AT','Olympiaplatz 2 EKZ Stadion Center','Hinterbündt 380',1020,'Wien','Autriche','43635666603','olym@gmail.cf'),
('E','AT','SPORT 2000 Bich','Bichlstraße 7',6370,'Kitzbühel','Autriche','43735666606','sportbich@gmail.cf'),
('E','IT','Foot Locker Rome','Via Tuscolana 855',00174,'Rome','Italie','390676985609','footlockerrome@gmail.cf'),
('E','IT','Foot Locker Firenze','Borgo S. Lorenzo, 19/R',50123,'Firenze FI','Italie','390776985609','footlockerfirenze@gmail.cf'),
('E','IT','The North Face Pavia','Corso Str. Nuova, 24',27100,'Pavia','Italie','390876985609','footlockerpavia@gmail.cf'),
('E','IT','The North Face Reggio','Corso Giuseppe Garibaldi 11',42121,'Reggio Emilia RE','Italie','390576985609','footlockerrome@gmail.cf'),
('E','GB','Nike Town','236 Oxford St',11345,'Londres','Royaume-Uni','442076604453','nikelondon@gmail.cf'),
('E','GB','Lillywhites','24-36 Regent St',42121,'Londres','Royaume-Uni','442076604453','Lilly@gmail.cf');
/*==============================================================*/
/* Table : COMMANDE                                             */
/*==============================================================*/
create table _COMMANDE (
   NUMCOMMANDE          SERIAL               not null,
   NUMCLIENT            INTEGER                 not null,
   DATECOMMANDE         DATE                 null,
   MONTANTFRAIS         NUMERIC(10,2)        null,
   MONTANTHT            NUMERIC(10,2)        null,
   MONTANTTTC           NUMERIC(10,2)        null,
   constraint PK_COMMANDE primary key (NUMCOMMANDE)
);
Insert into _COMMANDE(NUMCLIENT,DATECOMMANDE,MONTANTFRAIS,MONTANTHT,MONTANTTTC) VALUES (1,Current_date-80,0,5195,6234);
Insert into _COMMANDE(NUMCLIENT,DATECOMMANDE,MONTANTFRAIS,MONTANTHT,MONTANTTTC) VALUES (2,Current_date-80,0,17045,20454);
Insert into _COMMANDE(NUMCLIENT,DATECOMMANDE,MONTANTFRAIS,MONTANTHT,MONTANTTTC) VALUES (3,Current_date-80,0,512,614.4);
Insert into _COMMANDE(NUMCLIENT,DATECOMMANDE,MONTANTFRAIS,MONTANTHT,MONTANTTTC) VALUES (4,Current_date-80,0,4284,5260.8);
Insert into _COMMANDE(NUMCLIENT,DATECOMMANDE,MONTANTFRAIS,MONTANTHT,MONTANTTTC) VALUES (5,Current_date-80,0,6941.6,8329.92);
Insert into _COMMANDE(NUMCLIENT,DATECOMMANDE,MONTANTFRAIS,MONTANTHT,MONTANTTTC) VALUES (8,Current_date-80,0,2870,3444);
Insert into _COMMANDE(NUMCLIENT,DATECOMMANDE,MONTANTFRAIS,MONTANTHT,MONTANTTTC) VALUES (9,Current_date-80,0,3000,3600);
Insert into _COMMANDE(NUMCLIENT,DATECOMMANDE,MONTANTFRAIS,MONTANTHT,MONTANTTTC) VALUES (12,Current_date-80,200,6650,6650);
Insert into _COMMANDE(NUMCLIENT,DATECOMMANDE,MONTANTFRAIS,MONTANTHT,MONTANTTTC) VALUES (13,Current_date-80,200,19985,19985);
Insert into _COMMANDE(NUMCLIENT,DATECOMMANDE,MONTANTFRAIS,MONTANTHT,MONTANTTTC) VALUES (16,Current_date-80,200,32800,32800);
Insert into _COMMANDE(NUMCLIENT,DATECOMMANDE,MONTANTFRAIS,MONTANTHT,MONTANTTTC) VALUES (17,Current_date-80,0,32800,32800);
Insert into _COMMANDE(NUMCLIENT,DATECOMMANDE,MONTANTFRAIS,MONTANTHT,MONTANTTTC) VALUES (1,Current_date-60,0,32600,39120);
Insert into _COMMANDE(NUMCLIENT,DATECOMMANDE,MONTANTFRAIS,MONTANTHT,MONTANTTTC) VALUES (2,Current_date-60,0,5835,7002);
Insert into _COMMANDE(NUMCLIENT,DATECOMMANDE,MONTANTFRAIS,MONTANTHT,MONTANTTTC) VALUES (3,Current_date-60,0,17054,20464.8);
Insert into _COMMANDE(NUMCLIENT,DATECOMMANDE,MONTANTFRAIS,MONTANTHT,MONTANTTTC) VALUES (4,Current_date-60,0,10376,12451.2);
Insert into _COMMANDE(NUMCLIENT,DATECOMMANDE,MONTANTFRAIS,MONTANTHT,MONTANTTTC) VALUES (5,Current_date-60,0,6970,8364);
Insert into _COMMANDE(NUMCLIENT,DATECOMMANDE,MONTANTFRAIS,MONTANTHT,MONTANTTTC) VALUES (8,Current_date-60,0,3000,3600);
Insert into _COMMANDE(NUMCLIENT,DATECOMMANDE,MONTANTFRAIS,MONTANTHT,MONTANTTTC) VALUES (9,Current_date-60,0,6450,7740);
Insert into _COMMANDE(NUMCLIENT,DATECOMMANDE,MONTANTFRAIS,MONTANTHT,MONTANTTTC) VALUES (12,Current_date-60,200,19985,19985);
Insert into _COMMANDE(NUMCLIENT,DATECOMMANDE,MONTANTFRAIS,MONTANTHT,MONTANTTTC) VALUES (13,Current_date-60,200,11840,11940);
Insert into _COMMANDE(NUMCLIENT,DATECOMMANDE,MONTANTFRAIS,MONTANTHT,MONTANTTTC) VALUES (16,Current_date-60,200,11840,11940);
Insert into _COMMANDE(NUMCLIENT,DATECOMMANDE,MONTANTFRAIS,MONTANTHT,MONTANTTTC) VALUES (17,Current_date-60,200,22887.5,22887.5);
Insert into _COMMANDE(NUMCLIENT,DATECOMMANDE,MONTANTFRAIS,MONTANTHT,MONTANTTTC) VALUES (1,Current_date-20,0,5142.5,6171);
Insert into _COMMANDE(NUMCLIENT,DATECOMMANDE,MONTANTFRAIS,MONTANTHT,MONTANTTTC) VALUES (2,Current_date-20,0,5454,6544.8);
Insert into _COMMANDE(NUMCLIENT,DATECOMMANDE,MONTANTFRAIS,MONTANTHT,MONTANTTTC) VALUES (3,Current_date-20,0,12080,14496);
Insert into _COMMANDE(NUMCLIENT,DATECOMMANDE,MONTANTFRAIS,MONTANTHT,MONTANTTTC) VALUES (8,Current_date-20,0,5950,7140);
Insert into _COMMANDE(NUMCLIENT,DATECOMMANDE,MONTANTFRAIS,MONTANTHT,MONTANTTTC) VALUES (9,Current_date-20,0,18500,22200);
Insert into _COMMANDE(NUMCLIENT,DATECOMMANDE,MONTANTFRAIS,MONTANTHT,MONTANTTTC) VALUES (10,Current_date-20,0,10500,12600);
Insert into _COMMANDE(NUMCLIENT,DATECOMMANDE,MONTANTFRAIS,MONTANTHT,MONTANTTTC) VALUES (11,Current_date-20,0,15817.5,18981);
Insert into _COMMANDE(NUMCLIENT,DATECOMMANDE,MONTANTFRAIS,MONTANTHT,MONTANTTTC) VALUES (12,Current_date-20,200,11140,11140);
Insert into _COMMANDE(NUMCLIENT,DATECOMMANDE,MONTANTFRAIS,MONTANTHT,MONTANTTTC) VALUES (16,Current_date-20,200,4800,4800);
Insert into _COMMANDE(NUMCLIENT,DATECOMMANDE,MONTANTFRAIS,MONTANTHT,MONTANTTTC) VALUES (17,Current_date-20,200,7500,7500);





/*==============================================================*/
/* Table : DETAILCOMMANDE                                       */
/*==============================================================*/
create table _DETAILCOMMANDE (
   NUMCOMMANDE          INTEGER                 not null,
   NUMARTICLE           INTEGER                 not null,
   QUANTITECOMMANDEE    INTEGER                 null,
   QUANTITELIVREE       INTEGER                 null,
   constraint PK_DETAILCOMMANDE primary key (NUMCOMMANDE, NUMARTICLE)
);

INSERT INTO _DETAILCOMMANDE (NUMCOMMANDE, NUMARTICLE, QUANTITECOMMANDEE, QUANTITELIVREE) values (1,1,10,10);
INSERT INTO _DETAILCOMMANDE (NUMCOMMANDE, NUMARTICLE, QUANTITECOMMANDEE, QUANTITELIVREE) values (1,5,15,10);
INSERT INTO _DETAILCOMMANDE (NUMCOMMANDE, NUMARTICLE, QUANTITECOMMANDEE, QUANTITELIVREE) values (1,10,15,15);
INSERT INTO _DETAILCOMMANDE (NUMCOMMANDE, NUMARTICLE, QUANTITECOMMANDEE, QUANTITELIVREE) values (1,11,10,10);
INSERT INTO _DETAILCOMMANDE (NUMCOMMANDE, NUMARTICLE, QUANTITECOMMANDEE, QUANTITELIVREE) values (2,1,10,10);
INSERT INTO _DETAILCOMMANDE (NUMCOMMANDE, NUMARTICLE, QUANTITECOMMANDEE, QUANTITELIVREE) values (2,17,20,20);
INSERT INTO _DETAILCOMMANDE (NUMCOMMANDE, NUMARTICLE, QUANTITECOMMANDEE, QUANTITELIVREE) values (2,18,20,20);
INSERT INTO _DETAILCOMMANDE (NUMCOMMANDE, NUMARTICLE, QUANTITECOMMANDEE, QUANTITELIVREE) values (3,3,8,0);
INSERT INTO _DETAILCOMMANDE (NUMCOMMANDE, NUMARTICLE, QUANTITECOMMANDEE, QUANTITELIVREE) values (3,4,15,0);
INSERT INTO _DETAILCOMMANDE (NUMCOMMANDE, NUMARTICLE, QUANTITECOMMANDEE, QUANTITELIVREE) values (3,5,18,0);
INSERT INTO _DETAILCOMMANDE (NUMCOMMANDE, NUMARTICLE, QUANTITECOMMANDEE, QUANTITELIVREE) values (4,20,8,8);
INSERT INTO _DETAILCOMMANDE (NUMCOMMANDE, NUMARTICLE, QUANTITECOMMANDEE, QUANTITELIVREE) values (5,21,5,5);
INSERT INTO _DETAILCOMMANDE (NUMCOMMANDE, NUMARTICLE, QUANTITECOMMANDEE, QUANTITELIVREE) values (5,22,7,5);
INSERT INTO _DETAILCOMMANDE (NUMCOMMANDE, NUMARTICLE, QUANTITECOMMANDEE, QUANTITELIVREE) values (5,23,9,9);
INSERT INTO _DETAILCOMMANDE (NUMCOMMANDE, NUMARTICLE, QUANTITECOMMANDEE, QUANTITELIVREE) values (5,24,4,4);
INSERT INTO _DETAILCOMMANDE (NUMCOMMANDE, NUMARTICLE, QUANTITECOMMANDEE, QUANTITELIVREE) values (6,31,7,7);
INSERT INTO _DETAILCOMMANDE (NUMCOMMANDE, NUMARTICLE, QUANTITECOMMANDEE, QUANTITELIVREE) values (7,32,10,10);
INSERT INTO _DETAILCOMMANDE (NUMCOMMANDE, NUMARTICLE, QUANTITECOMMANDEE, QUANTITELIVREE) values (8,30,15,15);
INSERT INTO _DETAILCOMMANDE (NUMCOMMANDE, NUMARTICLE, QUANTITECOMMANDEE, QUANTITELIVREE) values (9,29,15,15);
INSERT INTO _DETAILCOMMANDE (NUMCOMMANDE, NUMARTICLE, QUANTITECOMMANDEE, QUANTITELIVREE) values (9,28,15,15);
INSERT INTO _DETAILCOMMANDE (NUMCOMMANDE, NUMARTICLE, QUANTITECOMMANDEE, QUANTITELIVREE) values (9,32,15,15);
INSERT INTO _DETAILCOMMANDE (NUMCOMMANDE, NUMARTICLE, QUANTITECOMMANDEE, QUANTITELIVREE) values (10,25,20,20);
INSERT INTO _DETAILCOMMANDE (NUMCOMMANDE, NUMARTICLE, QUANTITECOMMANDEE, QUANTITELIVREE) values (10,26,25,25);
INSERT INTO _DETAILCOMMANDE (NUMCOMMANDE, NUMARTICLE, QUANTITECOMMANDEE, QUANTITELIVREE) values (10,27,25,25);
INSERT INTO _DETAILCOMMANDE (NUMCOMMANDE, NUMARTICLE, QUANTITECOMMANDEE, QUANTITELIVREE) values (11,25,20,20);
INSERT INTO _DETAILCOMMANDE (NUMCOMMANDE, NUMARTICLE, QUANTITECOMMANDEE, QUANTITELIVREE) values (11,26,25,25);
INSERT INTO _DETAILCOMMANDE (NUMCOMMANDE, NUMARTICLE, QUANTITECOMMANDEE, QUANTITELIVREE) values (11,27,25,25);
INSERT INTO _DETAILCOMMANDE (NUMCOMMANDE, NUMARTICLE, QUANTITECOMMANDEE, QUANTITELIVREE) values (12,25,20,20);
INSERT INTO _DETAILCOMMANDE (NUMCOMMANDE, NUMARTICLE, QUANTITECOMMANDEE, QUANTITELIVREE) values (12,26,25,25);
INSERT INTO _DETAILCOMMANDE (NUMCOMMANDE, NUMARTICLE, QUANTITECOMMANDEE, QUANTITELIVREE) values (12,27,25,25);
INSERT INTO _DETAILCOMMANDE (NUMCOMMANDE, NUMARTICLE, QUANTITECOMMANDEE, QUANTITELIVREE) values (13,1,10,10);
INSERT INTO _DETAILCOMMANDE (NUMCOMMANDE, NUMARTICLE, QUANTITECOMMANDEE, QUANTITELIVREE) values (13,5,15,10);
INSERT INTO _DETAILCOMMANDE (NUMCOMMANDE, NUMARTICLE, QUANTITECOMMANDEE, QUANTITELIVREE) values (13,10,15,15);
INSERT INTO _DETAILCOMMANDE (NUMCOMMANDE, NUMARTICLE, QUANTITECOMMANDEE, QUANTITELIVREE) values (13,11,12,12);
INSERT INTO _DETAILCOMMANDE (NUMCOMMANDE, NUMARTICLE, QUANTITECOMMANDEE, QUANTITELIVREE) values (14,1,12,12);
INSERT INTO _DETAILCOMMANDE (NUMCOMMANDE, NUMARTICLE, QUANTITECOMMANDEE, QUANTITELIVREE) values (14,17,20,22);
INSERT INTO _DETAILCOMMANDE (NUMCOMMANDE, NUMARTICLE, QUANTITECOMMANDEE, QUANTITELIVREE) values (14,18,20,22);
INSERT INTO _DETAILCOMMANDE (NUMCOMMANDE, NUMARTICLE, QUANTITECOMMANDEE, QUANTITELIVREE) values (15,3,8,8);
INSERT INTO _DETAILCOMMANDE (NUMCOMMANDE, NUMARTICLE, QUANTITECOMMANDEE, QUANTITELIVREE) values (15,4,15,15);
INSERT INTO _DETAILCOMMANDE (NUMCOMMANDE, NUMARTICLE, QUANTITECOMMANDEE, QUANTITELIVREE) values (15,5,18,18);
INSERT INTO _DETAILCOMMANDE (NUMCOMMANDE, NUMARTICLE, QUANTITECOMMANDEE, QUANTITELIVREE) values (15,20,18,18);
INSERT INTO _DETAILCOMMANDE (NUMCOMMANDE, NUMARTICLE, QUANTITECOMMANDEE, QUANTITELIVREE) values (16,31,17,17);
INSERT INTO _DETAILCOMMANDE (NUMCOMMANDE, NUMARTICLE, QUANTITECOMMANDEE, QUANTITELIVREE) values (17,32,10,10);
INSERT INTO _DETAILCOMMANDE (NUMCOMMANDE, NUMARTICLE, QUANTITECOMMANDEE, QUANTITELIVREE) values (18,30,15,15);
INSERT INTO _DETAILCOMMANDE (NUMCOMMANDE, NUMARTICLE, QUANTITECOMMANDEE, QUANTITELIVREE) values (19,29,15,15);
INSERT INTO _DETAILCOMMANDE (NUMCOMMANDE, NUMARTICLE, QUANTITECOMMANDEE, QUANTITELIVREE) values (19,28,15,15);
INSERT INTO _DETAILCOMMANDE (NUMCOMMANDE, NUMARTICLE, QUANTITECOMMANDEE, QUANTITELIVREE) values (19,32,15,15);
INSERT INTO _DETAILCOMMANDE (NUMCOMMANDE, NUMARTICLE, QUANTITECOMMANDEE, QUANTITELIVREE) values (20,25,20,20);
INSERT INTO _DETAILCOMMANDE (NUMCOMMANDE, NUMARTICLE, QUANTITECOMMANDEE, QUANTITELIVREE) values (20,26,5,5);
INSERT INTO _DETAILCOMMANDE (NUMCOMMANDE, NUMARTICLE, QUANTITECOMMANDEE, QUANTITELIVREE) values (20,27,5,5);
INSERT INTO _DETAILCOMMANDE (NUMCOMMANDE, NUMARTICLE, QUANTITECOMMANDEE, QUANTITELIVREE) values (21,25,20,20);
INSERT INTO _DETAILCOMMANDE (NUMCOMMANDE, NUMARTICLE, QUANTITECOMMANDEE, QUANTITELIVREE) values (21,26,5,5);
INSERT INTO _DETAILCOMMANDE (NUMCOMMANDE, NUMARTICLE, QUANTITECOMMANDEE, QUANTITELIVREE) values (21,27,5,5);
INSERT INTO _DETAILCOMMANDE (NUMCOMMANDE, NUMARTICLE, QUANTITECOMMANDEE, QUANTITELIVREE) values (22,25,20,20);
INSERT INTO _DETAILCOMMANDE (NUMCOMMANDE, NUMARTICLE, QUANTITECOMMANDEE, QUANTITELIVREE) values (22,26,5,5);
INSERT INTO _DETAILCOMMANDE (NUMCOMMANDE, NUMARTICLE, QUANTITECOMMANDEE, QUANTITELIVREE) values (22,27,25,25);
INSERT INTO _DETAILCOMMANDE (NUMCOMMANDE, NUMARTICLE, QUANTITECOMMANDEE, QUANTITELIVREE) values (22,2,25,25);
INSERT INTO _DETAILCOMMANDE (NUMCOMMANDE, NUMARTICLE, QUANTITECOMMANDEE, QUANTITELIVREE) values (23,6,10,10);
INSERT INTO _DETAILCOMMANDE (NUMCOMMANDE, NUMARTICLE, QUANTITECOMMANDEE, QUANTITELIVREE) values (23,5,15,10);
INSERT INTO _DETAILCOMMANDE (NUMCOMMANDE, NUMARTICLE, QUANTITECOMMANDEE, QUANTITELIVREE) values (23,2,15,15);
INSERT INTO _DETAILCOMMANDE (NUMCOMMANDE, NUMARTICLE, QUANTITECOMMANDEE, QUANTITELIVREE) values (23,19,12,12);
INSERT INTO _DETAILCOMMANDE (NUMCOMMANDE, NUMARTICLE, QUANTITECOMMANDEE, QUANTITELIVREE) values (24,1,12,12);
INSERT INTO _DETAILCOMMANDE (NUMCOMMANDE, NUMARTICLE, QUANTITECOMMANDEE, QUANTITELIVREE) values (24,8,20,22);
INSERT INTO _DETAILCOMMANDE (NUMCOMMANDE, NUMARTICLE, QUANTITECOMMANDEE, QUANTITELIVREE) values (24,9,20,22);
INSERT INTO _DETAILCOMMANDE (NUMCOMMANDE, NUMARTICLE, QUANTITECOMMANDEE, QUANTITELIVREE) values (25,12,8,8);
INSERT INTO _DETAILCOMMANDE (NUMCOMMANDE, NUMARTICLE, QUANTITECOMMANDEE, QUANTITELIVREE) values (25,13,15,15);
INSERT INTO _DETAILCOMMANDE (NUMCOMMANDE, NUMARTICLE, QUANTITECOMMANDEE, QUANTITELIVREE) values (25,5,18,18);
INSERT INTO _DETAILCOMMANDE (NUMCOMMANDE, NUMARTICLE, QUANTITECOMMANDEE, QUANTITELIVREE) values (25,14,18,18);
INSERT INTO _DETAILCOMMANDE (NUMCOMMANDE, NUMARTICLE, QUANTITECOMMANDEE, QUANTITELIVREE) values (26,18,17,17);
INSERT INTO _DETAILCOMMANDE (NUMCOMMANDE, NUMARTICLE, QUANTITECOMMANDEE, QUANTITELIVREE) values (27,18,10,10);
INSERT INTO _DETAILCOMMANDE (NUMCOMMANDE, NUMARTICLE, QUANTITECOMMANDEE, QUANTITELIVREE) values (27,17,10,10);
INSERT INTO _DETAILCOMMANDE (NUMCOMMANDE, NUMARTICLE, QUANTITECOMMANDEE, QUANTITELIVREE) values (27,16,10,10);
INSERT INTO _DETAILCOMMANDE (NUMCOMMANDE, NUMARTICLE, QUANTITECOMMANDEE, QUANTITELIVREE) values (27,15,10,10);
INSERT INTO _DETAILCOMMANDE (NUMCOMMANDE, NUMARTICLE, QUANTITECOMMANDEE, QUANTITELIVREE) values (28,30,15,15);
INSERT INTO _DETAILCOMMANDE (NUMCOMMANDE, NUMARTICLE, QUANTITECOMMANDEE, QUANTITELIVREE) values (28,8,15,15);
INSERT INTO _DETAILCOMMANDE (NUMCOMMANDE, NUMARTICLE, QUANTITECOMMANDEE, QUANTITELIVREE) values (28,9,15,15);
INSERT INTO _DETAILCOMMANDE (NUMCOMMANDE, NUMARTICLE, QUANTITECOMMANDEE, QUANTITELIVREE) values (29,19,15,15);
INSERT INTO _DETAILCOMMANDE (NUMCOMMANDE, NUMARTICLE, QUANTITECOMMANDEE, QUANTITELIVREE) values (29,1,15,15);
INSERT INTO _DETAILCOMMANDE (NUMCOMMANDE, NUMARTICLE, QUANTITECOMMANDEE, QUANTITELIVREE) values (29,16,15,15);
INSERT INTO _DETAILCOMMANDE (NUMCOMMANDE, NUMARTICLE, QUANTITECOMMANDEE, QUANTITELIVREE) values (30,25,20,20);
INSERT INTO _DETAILCOMMANDE (NUMCOMMANDE, NUMARTICLE, QUANTITECOMMANDEE, QUANTITELIVREE) values (30,19,5,5);
INSERT INTO _DETAILCOMMANDE (NUMCOMMANDE, NUMARTICLE, QUANTITECOMMANDEE, QUANTITELIVREE) values (30,27,5,5);
INSERT INTO _DETAILCOMMANDE (NUMCOMMANDE, NUMARTICLE, QUANTITECOMMANDEE, QUANTITELIVREE) values (31,25,15,15);
INSERT INTO _DETAILCOMMANDE (NUMCOMMANDE, NUMARTICLE, QUANTITECOMMANDEE, QUANTITELIVREE) values (32,26,15,15);



/*==============================================================*/
/* Table : ETIQUETTE                                            */
/*==============================================================*/
create table _ETIQUETTE (
   CODEETIQUETTE        CHAR(3)              not null,
   LIBELLEETIQUETTE     VARCHAR(70)          null,
   CODETYPETVA          INTEGER		   null,
   constraint PK_ETIQUETTE primary key (CODEETIQUETTE)
);

Insert into _ETIQUETTE (CODEETIQUETTE,LIBELLEETIQUETTE,CODETYPETVA)  values
('FR','Client Francais',1);
Insert into _ETIQUETTE (CODEETIQUETTE,LIBELLEETIQUETTE,CODETYPETVA)  values
('GB','Client Anglais',2);
Insert into _ETIQUETTE (CODEETIQUETTE,LIBELLEETIQUETTE,CODETYPETVA)  values
('CH','Client Suisse',2);
Insert into _ETIQUETTE (CODEETIQUETTE,LIBELLEETIQUETTE,CODETYPETVA)  values
('AT','Client Autrichien',3);
Insert into _ETIQUETTE (CODEETIQUETTE,LIBELLEETIQUETTE,CODETYPETVA)  values
('IT','Client Italien',3);



/*==============================================================*/
/* Table : LISTEPRIX                                            */
/*==============================================================*/
create table _LISTEPRIX (
   CODELISTE            CHAR(1)              not null,
   LIBELLELISTE         VARCHAR(20)          null,
   constraint PK_LISTEPRIX primary key (CODELISTE)
);

insert into _LISTEPRIX (CODELISTE,LIBELLELISTE) values
('E','Liste prix euros');
insert into _LISTEPRIX (CODELISTE,LIBELLELISTE) values
('D','Liste prix dollars');
insert into _LISTEPRIX (CODELISTE,LIBELLELISTE) values
('S','Liste prix special');
insert into _LISTEPRIX (CODELISTE,LIBELLELISTE) values
('P','Liste prix promotion');

/*==============================================================*/
/* Table : TARIFVENTE                                           */
/*==============================================================*/
create table _TARIFVENTE (
   NUMARTICLE           INTEGER                 not null,
   CODELISTE            CHAR(1)              not null,
   PRIXVENTE            DECIMAL(10,2)        null,
   constraint PK_TARIFVENTE primary key (NUMARTICLE, CODELISTE)
);

insert into _TARIFVENTE (NUMARTICLE, CODELISTE, PRIXVENTE) values (1,'E',4.5);
insert into _TARIFVENTE (NUMARTICLE, CODELISTE, PRIXVENTE) values (2,'E',3.5);
insert into _TARIFVENTE (NUMARTICLE, CODELISTE, PRIXVENTE) values (3,'E',19);
insert into _TARIFVENTE (NUMARTICLE, CODELISTE, PRIXVENTE) values (4,'E',12);
insert into _TARIFVENTE (NUMARTICLE, CODELISTE, PRIXVENTE) values (5,'E',10);
insert into _TARIFVENTE (NUMARTICLE, CODELISTE, PRIXVENTE) values (6,'E',14);
insert into _TARIFVENTE (NUMARTICLE, CODELISTE, PRIXVENTE) values (7,'E',55);
insert into _TARIFVENTE (NUMARTICLE, CODELISTE, PRIXVENTE) values (8,'E',170);
insert into _TARIFVENTE (NUMARTICLE, CODELISTE, PRIXVENTE) values (9,'E',100);
insert into _TARIFVENTE (NUMARTICLE, CODELISTE, PRIXVENTE) values (10,'E',120);
insert into _TARIFVENTE (NUMARTICLE, CODELISTE, PRIXVENTE) values (11,'E',320);
insert into _TARIFVENTE (NUMARTICLE, CODELISTE, PRIXVENTE) values (12,'E',400);
insert into _TARIFVENTE (NUMARTICLE, CODELISTE, PRIXVENTE) values (13,'E',220);
insert into _TARIFVENTE (NUMARTICLE, CODELISTE, PRIXVENTE) values (14,'E',300);
insert into _TARIFVENTE (NUMARTICLE, CODELISTE, PRIXVENTE) values (15,'E',350);
insert into _TARIFVENTE (NUMARTICLE, CODELISTE, PRIXVENTE) values (16,'E',650);
insert into _TARIFVENTE (NUMARTICLE, CODELISTE, PRIXVENTE) values (17,'E',500);
insert into _TARIFVENTE (NUMARTICLE, CODELISTE, PRIXVENTE) values (18,'E',350);
insert into _TARIFVENTE (NUMARTICLE, CODELISTE, PRIXVENTE) values (19,'E',400);
insert into _TARIFVENTE (NUMARTICLE, CODELISTE, PRIXVENTE) values (20,'E',548);
insert into _TARIFVENTE (NUMARTICLE, CODELISTE, PRIXVENTE) values (21,'E',400);
insert into _TARIFVENTE (NUMARTICLE, CODELISTE, PRIXVENTE) values (22,'E',250);
insert into _TARIFVENTE (NUMARTICLE, CODELISTE, PRIXVENTE) values (23,'E',132.4);
insert into _TARIFVENTE (NUMARTICLE, CODELISTE, PRIXVENTE) values (24,'E',500);
insert into _TARIFVENTE (NUMARTICLE, CODELISTE, PRIXVENTE) values (25,'E',320);
insert into _TARIFVENTE (NUMARTICLE, CODELISTE, PRIXVENTE) values (26,'E',500);
insert into _TARIFVENTE (NUMARTICLE, CODELISTE, PRIXVENTE) values (27,'E',548);
insert into _TARIFVENTE (NUMARTICLE, CODELISTE, PRIXVENTE) values (28,'E',549);
insert into _TARIFVENTE (NUMARTICLE, CODELISTE, PRIXVENTE) values (29,'E',470);
insert into _TARIFVENTE (NUMARTICLE, CODELISTE, PRIXVENTE) values (30,'E',430);
insert into _TARIFVENTE (NUMARTICLE, CODELISTE, PRIXVENTE) values (31,'E',410);
insert into _TARIFVENTE (NUMARTICLE, CODELISTE, PRIXVENTE) values (32,'E',300);



/*==============================================================*/
/* Table : TYPEARTICLE                                          */
/*==============================================================*/
create table _TYPEARTICLE (
   CODETYPE             CHAR(1)              not null,
   LIBELLETYPE          VARCHAR(40)          null,
   constraint PK_TYPEARTICLE primary key (CODETYPE)
);
Insert into _TYPEARTICLE (CODETYPE,LIBELLETYPE) values
('C','Consommable');
Insert into _TYPEARTICLE (CODETYPE,LIBELLETYPE) values
('P','Produit Stockable');
Insert into _TYPEARTICLE (CODETYPE,LIBELLETYPE) values
('S','Service');


alter table _ARTICLE
   add constraint FK_ARTICLE_ESTLIE_TYPEARTI foreign key (CODETYPE)
      references _TYPEARTICLE (CODETYPE);

alter table _ARTICLE
   add constraint FK_ARTICLE_FAITPARTI_CATEGORI foreign key (NUMSOUSCATEGORIE)
      references _SEDECOMPOSE (NUMSOUSCATEGORIE);

alter table _CATEGORIE
   add constraint FK_CATEGORI_SEDECOMPO_CATEGORI foreign key (CAT_NUMCATEGORIE2)
      references _CATEGORIE (NUMCATEGORIE);

alter table _CLIENT
   add constraint FK_CLIENT_DISPOSE_LISTEPRI foreign key (CODELISTE)
      references _LISTEPRIX (CODELISTE);

alter table _CLIENT
   add constraint FK_CLIENT_REGROUPE_ETIQUETT foreign key (CODEETIQUETTE)
      references _ETIQUETTE (CODEETIQUETTE);

alter table _COMMANDE
   add constraint FK_COMMANDE_APPARTIEN_CLIENT foreign key (NUMCLIENT)
      references _CLIENT (NUMCLIENT);

alter table _DETAILCOMMANDE
   add constraint FK_DETAILCO_DETAILCOM_COMMANDE foreign key (NUMCOMMANDE)
      references _COMMANDE (NUMCOMMANDE);

alter table _DETAILCOMMANDE
   add constraint FK_DETAILCO_DETAILCOM_ARTICLE foreign key (NUMARTICLE)
      references _ARTICLE (NUMARTICLE);

alter table _TARIFVENTE
   add constraint FK_TARIFVEN_TARIFVENT_ARTICLE foreign key (NUMARTICLE)
      references _ARTICLE (NUMARTICLE);

alter table _TARIFVENTE
   add constraint FK_TARIFVEN_TARIFVENT_LISTEPRI foreign key (CODELISTE)
      references _LISTEPRIX (CODELISTE);

alter table _CONTACT
   add constraint FK_CONTACT_CLIENT foreign key (NUMCLIENT)
      references _CLIENT (NUMCLIENT);

SELECT setval('matski_update._article_numarticle_seq', (SELECT MAX(NUMARTICLE) FROM matski_update._ARTICLE));
SELECT setval('matski_update._categorie_numcategorie_seq', (SELECT MAX(NUMCATEGORIE) FROM matski_update._CATEGORIE));
SELECT setval('matski_update._contact_numcontact_seq', (SELECT MAX(NUMCONTACT) FROM matski_update._CONTACT));
SELECT setval('matski_update._client_numclient_seq', (SELECT MAX(NUMCLIENT) FROM matski_update._CLIENT));
SELECT setval('matski_update._commande_numcommande_seq', (SELECT MAX(NUMCOMMANDE) FROM matski_update._COMMANDE));
